-- phpMyAdmin SQL Dump
-- version 4.6.4
-- https://www.phpmyadmin.net/
--
-- Host: 127.0.0.1
-- Generation Time: Jun 19, 2017 at 05:15 PM
-- Server version: 5.7.14
-- PHP Version: 5.6.25

SET SQL_MODE = "NO_AUTO_VALUE_ON_ZERO";
SET time_zone = "+00:00";


/*!40101 SET @OLD_CHARACTER_SET_CLIENT=@@CHARACTER_SET_CLIENT */;
/*!40101 SET @OLD_CHARACTER_SET_RESULTS=@@CHARACTER_SET_RESULTS */;
/*!40101 SET @OLD_COLLATION_CONNECTION=@@COLLATION_CONNECTION */;
/*!40101 SET NAMES utf8mb4 */;

--
-- Database: `webdb`
--

-- --------------------------------------------------------

--
-- Table structure for table `chat`
--

CREATE TABLE `chat` (
  `chatid` int(11) NOT NULL,
  `chatUserid` int(11) NOT NULL,
  `chatGroupid` int(11) NOT NULL,
  `chatText` text NOT NULL
) ENGINE=InnoDB DEFAULT CHARSET=latin1;

--
-- Dumping data for table `chat`
--

INSERT INTO `chat` (`chatid`, `chatUserid`, `chatGroupid`, `chatText`) VALUES
(64, 6, 1, 'hi\n'),
(65, 6, 2, 'hey\n'),
(66, 6, 3, 'hi\n'),
(69, 5, 6, 'hello\n'),
(70, 6, 7, 'hi\n'),
(72, 5, 1, 'hi\n'),
(73, 5, 3, 'hi]\n'),
(74, 6, 4, 'Hey\n'),
(160, 6, 2, 'Hello\n'),
(161, 6, 1, 'TEST\n'),
(162, 6, 5, 'Better call saul is amazing\n'),
(163, 6, 1, 'hello\n'),
(164, 5, 1, 'hello\n'),
(165, 6, 8, 'Hello\n'),
(166, 6, 8, 'Dogs\n'),
(173, 6, 2, 'This is another test\n'),
(174, 5, 2, 'Testing \n'),
(175, 5, 2, 'testing\n');

-- --------------------------------------------------------

--
-- Table structure for table `followedgroups`
--

CREATE TABLE `followedgroups` (
  `followedGroupid` int(11) NOT NULL,
  `userid` int(11) NOT NULL,
  `groupid` int(11) NOT NULL,
  `title` varchar(60) NOT NULL
) ENGINE=InnoDB DEFAULT CHARSET=latin1;

--
-- Dumping data for table `followedgroups`
--

INSERT INTO `followedgroups` (`followedGroupid`, `userid`, `groupid`, `title`) VALUES
(32, 6, 7, 'Premier League'),
(33, 6, 3, 'The Walking Dead'),
(35, 5, 2, 'Game of Thrones Season 7'),
(37, 6, 2, 'Game of Thrones Season 7');

-- --------------------------------------------------------

--
-- Table structure for table `friendslist`
--

CREATE TABLE `friendslist` (
  `friendsListid` int(11) NOT NULL,
  `userid` int(11) NOT NULL,
  `friendid` int(11) NOT NULL
) ENGINE=InnoDB DEFAULT CHARSET=latin1;

-- --------------------------------------------------------

--
-- Table structure for table `groups`
--

CREATE TABLE `groups` (
  `groupid` int(11) NOT NULL,
  `title` varchar(50) NOT NULL,
  `description` text NOT NULL
) ENGINE=InnoDB DEFAULT CHARSET=latin1;

--
-- Dumping data for table `groups`
--

INSERT INTO `groups` (`groupid`, `title`, `description`) VALUES
(1, 'Rick & Morty Season 3', 'Group discussion season 3 of the adult cartoon by Justin Roiland and Dan Harmon. Share expectations, theories and general thoughts.'),
(2, 'Game of Thrones Season 7', 'A discussion about GoT season 7 expectations. A place to talk about what we are expecting for season 7 as well as theories for the future. '),
(3, 'The Walking Dead', 'A group that discuses all things walking dead related. That included comics so beware of spoilers. '),
(4, 'Stranger Things', 'A group that discuses the Netfix series Stranger Things. The group will discuss topics such as expectations for season 2 and spoilers about season 1. '),
(5, 'Better call Saul', 'This group is dedicated to taking about the Netflix series better call saul. '),
(6, 'UFC', 'This group will about topics centered around UFC, we will talk about up and coming fights as well as what we thought about fights that just finished. '),
(7, 'Premier League', 'Lets talk about all things Premier League'),
(8, 'Pets and Dogs', 'Lets talk about my interest in Dogs mainly stafordshire bull terriers'),
(9, 'xsd', '\r\n\r\n\r\n\r\n\r\n\r\n\r\n\r\n\r\n\r\n\r\n\r\n\r\n\r\n\r\n\r\n\r\n\r\n\r\n\r\n\r\n\r\n\r\n\r\n\r\n');

-- --------------------------------------------------------

--
-- Table structure for table `login_tokens`
--

CREATE TABLE `login_tokens` (
  `id` int(11) NOT NULL,
  `token` char(64) NOT NULL,
  `user_id` int(11) NOT NULL
) ENGINE=InnoDB DEFAULT CHARSET=latin1;

--
-- Dumping data for table `login_tokens`
--

INSERT INTO `login_tokens` (`id`, `token`, `user_id`) VALUES
(251, 'fc47ade00f26ace1335342bbb612f6b8b827d02c', 6),
(252, '0eeaa608618b2442bb6ae2eb7ee45c0d8ddac189', 6),
(253, '92bca75069ff3c2ce0b446c29a857fd485047e0f', 6),
(254, '32800b591e85871429d7630f156a6720c7df0463', 5),
(255, 'ab75b4df4d2650e6936f624aeccfbaa9d2558a21', 6),
(257, '48ad0a5efbf61e40e41b7cbde1386834913a1bd4', 6),
(258, '38e16256b65bb96bf6909ac4bbddcf719eeeaa4e', 5),
(259, '0d8facdb49285b239900b069c790b08e7dc62d45', 5);

-- --------------------------------------------------------

--
-- Table structure for table `users`
--

CREATE TABLE `users` (
  `id` int(11) NOT NULL,
  `title` varchar(20) NOT NULL,
  `fName` varchar(30) NOT NULL,
  `sName` varchar(30) NOT NULL,
  `dob` date NOT NULL,
  `gender` varchar(6) NOT NULL,
  `uName` varchar(50) NOT NULL,
  `pWord` varchar(500) NOT NULL,
  `email` varchar(100) NOT NULL,
  `address` varchar(200) NOT NULL,
  `profileImage` longblob
) ENGINE=InnoDB DEFAULT CHARSET=latin1;

--
-- Dumping data for table `users`
--

INSERT INTO `users` (`id`, `title`, `fName`, `sName`, `dob`, `gender`, `uName`, `pWord`, `email`, `address`, `profileImage`) VALUES
(5, 'Mr', 'TEST2', 'Test2', '2000-11-19', 'Male', 'TEST2', '$2y$10$Y37nzL7mjkx4Uo2ubw5mxuVuQ05JD804jmOr10M0KuZggHTGOFGU.', 'test@test.com', 'wjsjs', 0x2f396a2f34414151536b5a4a5267414241514541414141414141442f3277424441416b47427841544568555245684957465255564742555846685956467855574668555646785558466855594668635948536f674742306d47785556495449694a796b724c6938754678387a4f444d734e7967744d43762f3277424441516f4b4367344e44686f51454273744a52306c4c7930744c5330744c5330744c5330744c5330744c5330744c5330744c5330744c5330744b7930744c5373744c5330744c5330744c5330744c5330744c5330744c53332f7741415243414468414f45444153494141684542417845422f38514148414141415155424151454141414141414141414141414141414d4542515948415149492f3851415478414141674543424149474177774841777345417741414151494441424545456945784255454745794a5259584579596f4555497a4e43556c4e79677047536f62454851324e7a7373485246594f54466a5255644b4b6a73384c53346641584a455454744d50692f3851414751454141674d424141414141414141414141414141414141414543417751462f3851414a52454141674943416749434177414441414141414141414141454345514d78456945454530465246434979595847522f396f4144414d42414149524178454150774348786e436c596c6c37446e6d426f33306c32627a30506a555669455a4e4a5641423044626f6551462b5238446277765533672b4b7853646a564a506b506f543945374d504c58764170334a487949754476355645566c4c6d346462574d3239552b6a37506b2b7a5477714f61595a31556b4267316974786655456374396256626354776932734a413952723550716e6450784868546e6f7a786c4d504c31574a6a55777966434a4b71746b4f6745713375434e673175566a7574693072594e306970796d316a334d76325841503445302f7259704f695044572f77446951362f4a514c6637747152626f5677342f7150736b6d4835505633706b552b2b4a6b6449596e436874646d354d507950654b324c2f496668337a422f785a762b75756a6f547737356a2f65546639644c30794837346d48456c546c5957504c7562795038713931747a64434f476e6644412b62796e2f6d704e2b675844442f3865336c4a4d5079656a30534433784d6a364f775a735a68674e4431384f334d4352574950667458304456587750514c41777a527a784352576a624d46367773704e694e63397a70652b68477771305662696734727370797a556e3046464646576c51557a78504541726457696d535453364c6273673747526a6f673536366b587344534c7a764d7853493559314a456b77334c4451704434672b6b2b7732467a66492b776d46534e51694b4655584e75386e556b6b366b6b366b6e5531526b7a4b50534e474c41356479474573446c532b496d79494153566959786f6f396158527a356a4950437647466e695335677773687675566a574974346b7a4643336e72533879395a4f46506f51685874794d7245354c2f525653664e314f34702f554959336b56795a4f655659337869686b5a38536652676a4830356944396952735078726f6646664a68483170442b4f515538727738796a6467504d67565a36494666354578715a63575031634a2f765a462f38413147754848536a30734e4a34736a52756f396d594f6659744f306c55374d44354547765a464a2b504546354d317361513856675968632b566a736b67614a7a354a4941543742546a45345a4a426c6b525748637742462b5231353053784b366c57554d703356674344356736476d58396d3550674a44483668764a4634447179627150424374567938647252644879552f77436b4875576150344a38362f4e7a4d543979585668354e6d37757a537546346772746b495a4a414c6d4e785a7261584b324a446a55647053527276536138534b47324954712b516b427a516e75376467554f326a4143357343314f735868456b584b34754c334242495a54795a5747716e7847744b4f57554855687977786d72694b3056483453643066714a546d4a424d636c674f7455626872614352655946675271506a425a4374635a4b5374474b55584630776f6f6f70694d4c346e676972474b614a6b63574f566859372b6b434e474776704b535047766546346850466f627a522f37774477592b6c7473327575396258784c6875487855655356466b513671653634305a4747716e78424272504f5064414a34535a4d4b544d6e4f4e7243566649364c49507362543478726c715273304d4d466934355264446532344e77792b616e5556334659564847563142486a795065447950694b72776975626a4d6b69456934756a6f65594933553758424873703568754e4f6e5a784333487a696a58753753443831373968553079536b586e6f527850717775446b596c5270417a473573426671696564674c7165344563686535316c415a48554d72584768566c4f78427543434e6943416641697239305a347a376f6a7335485852324567476c7762355a4648494e592b5242484b74654b64394d7a3573646673695a6f6f6f71346f4369696967416f6f6f6f414b6a7357375375594559716f74317a726f51434c694a44796467515364315533304c4b6156346a6957584c484862725a4c684c3668514c5a3547484e56424864636c56754d314c59504372476752623246795364575a6962737a486d784a4a4a38616f7a5a4f4b70624e4f444679664a3646595931565171674b716741414377414767414849563772777a41416b6b4144556b36414478504b6d3057505639596b6b6c484a6f30596f664b5132512b787178473438346e68355a69365379524d5141325471794741766c754a455958467a714c48767659563548444366546e6e6636346a2f47465570647352494e587730366a36416b2f434a6d4e4746783055684b71336157785a4343727266624d6a414d767446543553536f68776733644342344c686a365553762b38764b66746b4a70524f46595962515244796a516679703358616a795a4e4a444b54684f4762306f496a35786f663556342f7365456567476a7474315476475075716370396f4e534646436b304a78542b434e397a346c50516c5755664a6d554b783870497859447a512b64656f754a4c6d43537130546b32416532566a334934374c453931383368542b764d73537370566c444b7773565941676a75494f684657787a7957796d666a78657567493548323148653558683167475a42764153414150324a506f4831443254595779616d67346157485747386b5933685a727350334c7364506f4d62624146514b655954464a49755a446358494e7751564933566c4f71734f594f746155345a555a716e685969346a784d5631596a573673425a3435464f396a714755364654346769784e6434666969366b4f4c5349636b696a594d414464665659454d5041363667306c6a49475275766946323036794d667256484d6674464778356a736e6b5638596d565130654c51676f3456484932614a7a37322f7742566d3969795056554c785370365a624f73734f533269546f6f745861316d4d4d523066436b7668484544456b6d4f3261427954636b78676a49784a4a7a4a62553349616d7963524b7349735168686b4f69334f614b512f737064417833374a437470664c61765562596d44344d6d654d667170573939556673356a3658305a4e372b6d4b6b4d4e6a384e696c6549674532744a424b746e414f6e626a6264644432686454794a726d557047793269443437306277324b316b584c49425953705a5a4637686634773956675234566e6e487569754a7739325a6575693139396a55335566744939537630686361456e4c576f7a63476d683177725a303577537364426639564b626c65665a624d4e674367726d4434676a6b6f5130637169375253444c496f37375873793873796b7233476f4e4e44365a674d71764565746761774f70747172654c44593874642b34314e3948756c4a45714d46797a4c657776324a5633654f2b3475426578324b6736327139394d756932465a444b674d557a6e4b7178674554794e664b725233414a4f3559466241456b3242724f656b5052724534516779783547424252304a614a6d4242414432466954595a57414a3173445534794a66464d32764159784a6f316c6a4e31595848654f524248496767676a6b516163566e3352486a516964626b3954694d7031326a6b59444b33674730552b4f552f4b4e61445851684c6b6a484f484630464646465349425869655a55566e63685655466d4a324141755458756f3745652b7a434c346b525635504754526f6b396d6b682f752b524e526e4a52566b34516335554b634e686274545341695353335a4f386359394350546e715333724d6551464f4d54694d7056565576493977694c75317479536446555846324f67754f5a415063544f714b586139674f517553646746484d6b3241484d6b564a6345346559775a4a4c64644a625062554942364d616e75572b2f4d33504f7777647964733658555653456348774662683853524b393768626538786e635a4550704557394e726e7579673271616f6f71644541706e7848686b4d34416b5735585648424b764765394847716e7933324f6c504b4b414b7050316d485a556e4f64474f564a3741444d644653594452474f775957566a70325351433771636e6856315a48554d72417179734c686c4973515164786171314643595a47777a4573414138544d626c6f69625a574a314c49657a666d43684a4a4a7175555363574f614b4b4b695443696969674170686a63453262726f53466c467267364a4b6f2b4a4a62384833587846314c2b696d6d3037524755564a557874676357737135674343435179746f794f4e3159643430384343434c67673079584471486c777a6642547137714f346e7334685233416c31667a6b66757058485173726466454c73414249672f57786a753964626b6a7631586d43504f4b6c567a68705561344d7568484e57696b556a385162657257707957544866796a4a474c78354b2b475672334e783735365037762f415056465865753152375a462f70694e342b4a414d4970304d4d68305658494b534858344b51646c396962614e62645253754e774d6374733636727172416c58513758523173796e794e504d506a4d4e6930655073794461534b526530742b556b546934396f313556435938706854614c46784566364e694a526d2f75704353362f52594d4e674d6f71446839464b59386978754b6730634845782f4b554b75495561656b6f737376505663703039466a543072684d62486653514b64434d79795250625778466e6963412b427148776e53434f5262694c4541366771594a52596a31375a4350454d51652b6f6e6947466d78457276314d38466b4d63636b557355556a46687137756a6c6946765a55494948614a314979796970503442304f4d43386959396f3548363941544444493167385464535a6e556856797578414b6c74434d716a5737564e39494a594677386e7567426f69746d55692b63746f716763324a49414865525546776a68754a6949596949736f4951737a4d71426a646973616f766159366c69784a756451436156346a775758454d6a5434676a7138785659593152517a437862337a4f533257366738677a643950305462304c325258795a3767734b55676a696b314952566362676d316a3531652b6876474f756a6146327a53775a515466566f327631624878374a553935556e6e5338585258426733614d794537395937754439532b54384b6c63506830526373614b696a5a564155443243745750484b4c746c65544a47536f566f6f6f71346f454d646952476a5061397257556273784f5646486957494874727a7737436d4f4d4b787a4f6274493276616b593359692f4b2b67484941446c5344652b346744346b466d506a4d36396b6656516c7248353144797153724835453764472f786f557558324a346148724d51696e30596831724476596b7243434f36346b627a6a576e5558537a6837542b355678555a6e7a5a4f7242375761784e6833364130644846753249632f4f4b672b69734d62572b39492f32314364462f30613450413478385a41306c324442554a4757504f784c4157417574736f414f32586331434f6978374c725252525445464646636f414b68756b61574d4567334568516e314a4561342b2b73522b7255315550306d505969586d5a6f37665675352f4244536568725933726c6470752b6552784245637257444f396765716a4a4942414f68646943464230304a4e77746a556c5a5932636b78586136754e476c6b73435553335a42324c73534651655a756247774e71634a7776474e596d53474c76554938782b2b575166374e5447417755634b434f4e624463366b6c6d4f374d78315a6a7a4a31707a56696969446b79766e672b4c423078454a48633044672f65453338716259683534745a6f6578383543544b6f3858584b4858374741356d725258614f4b46795a584970565a51796b4d704677515151516469434e36624c7732495364614673317931737a5a63354242664a664c6d73534d3172366d704469484243435a634e5a584e7938524e6f705475542b7a6631787666744136454d384a696c6b4273434755355852685a343341424b734f52735165346767676b45476f744e453030786575305a4b4b68517948786b305a5a6664635a676b58535045497843584a4769596862464c6d7779506c7a6257595635345a432b476b4d547548535a6e654a38716f633537636b62356443784f61514541583765677969396a645151515263485167374564784656626a76436572675977503161444b576a494c52496f5a62795243344d544a624f4170433358625734654c4c786b5a5a4c6b714a36696d6d476e594f594a666846467731724c4d674e73362b497541792f464a48497153377270786b704b30593271644d4b4b4b4b59676f6f6f6f414b52786d4945614e49317946424e687562624164354a304869615771507866766b3063507855744e4a39553268552b62677550334e526e4c696d79634938704a432f44634f556a416230324a65516a6e49787a4e6277424e6834415536705045544b677a4e746d5266613768462f4668536c6335396e5553726f58364e4e2f6e4339303338554d4c44382f777161717563506e36724532506f3468516f5049537835696f2b7368622f4141674f597178315974466232464646464d51567969753041465150473541303855667a61744b664173444648396f4d3333616e4a4a416f4c4d514141535364414142636b6e75745659776a6c7938374167796e4d4164316a4174457047344f587445636d64716a4a39456f3750654b6e45614d3758736f4a4947704e6873427a4a32417156344a6754464832376459357a796b61397367646b486d4641436a775556456d50504e4246797a47566836734e6d582f65744366596173314b4b43544f305555564d69637274464641425546306b7777542f33696a74526a333677316b6746793137626c4c6c312b734236565474635a5164434c673645643435304159542f414a5138542b5a6637525256742f384154462f394b6c2f78482f72525470437552562b44644e735268374a724e454e4d6b6a652b4b4e42324a534c6e533573393733394a52563234643067776d4f52346c62566c5a586966737942574755396e6d4e54326863654e592f65764c43396a714344645343565a543371773142385257615545783854554f506449556a77434e4c726951536b595873734d5446644863453749434354794b7462584d415833525070496d4d6a354c4d6c757354386e5476552f687366484a4a7057646937757a736479784a3541632b64674c6e6e59643163687872774f4a34337950487147334869724434796e596a6e35324e58347075482b6975654c6b7638414a765646516e52547048486a59733447535662435749376f784768486570736248774933424654646230373752696161644d4b595338514a5970436e5773756a472b534a44386c704c485877554d527a7458654a794e32496b4a567057746d473649426d6b59654e724b44795a314e4f3449465251694b4656525941624156526d7938656b614d4f486e3239444d783473363962417667595a48743962726c763967727a77454d7947643746706a6d3042413673646d4b774a4a414b674e612b68647139385a4e304549336d595236583051676d5533477836745873653872543843326732724e4c4a4b53706d754f4f4d58615178343338437a664e6d4f552b555569794e2b43476e774e42465265416b366c68686e39485871474f7a4942667169666c6f4e6875796748556872514a6a2f4659645a464b4f4c67397849494949495a534e56594541676a554541696c2b4638595a43496355646442484f62424a62364258746f6b764b327a62727556587a5869574a57557179686c59574b6b4167673767673645554a3044566c6b6f717134663352447042494751667170797a4165456375726f50413577426f414b6652394962664334655a50464645796e3650563366375646574a706c62544a79696f622f41436c67506f724f7837766338362f6a49697150615254504659764554396b3367694f367131356e48637a7270454e2f514a4f316d46466f4b5a3634726a4f765977707245683939626c49366e344a65395152327a74706c313751487576455561716f5651465651414142594144594144595634784749564143334e6b55573733594b50784e567432574a554c384a463855782b54434c66336b68762f774149565031587547506c7864766e49572f3355692f2f414848374b734e575230567932464646464d5155555555414646464d754d3477785176495053417367504f5269466a4874646c464144582f41436d776e7a71305653502f414539776679705076742f576972665849703930544c714b3552657370704f3370444452744d3668465a376d30614b4c7449337972643364794175783031443368504263526a704444437659556a725a4775493139556e6d62664647703047674a4931376f35306267776139675a704748626c61325a7641664958315237626e577263654a794b736d5652497a6f5630544f464a6e6d61387a4c6c797165784768494a5831324a55584f7774596379625a525257324d5646556a444b546b3759786c7437716976387a50622f41424d50662b5650365938556a6179536f435769624e6c47374951566b556435796d34484e6c576c32786b596a4d3259474d49587a445546414d3178374b783534766e5a75386553634b47384862784476796941695836545a5a4a5434366455504d4e542b6d66434947574a5134733758642f336b684c754234426d4948674254797147586853574b7779534b556451796d326837776267676a55454541676a554558464b3132675a46687352446f515a342b5443335849505747676c413131466d30476a48576e47463470424a6f7369356861364e324a4676746d6a617a4b664d436e64654a594561325a566132325941323872375543506446464641776f6f727a48494746314949755270337153724432454565796744335444694f736b43667443352b696b622f38414f306450366a3037574b59386f6f676f507253746d59657752526e36314168624775554b54714354433263714c6b744751566c5541616b35474c416332566173384d71736f6453475667437241334255693449504d4556425533776d4a62436b3646734f5353565545744353626c6b55617368314a5561673669344e684f4c2b434d6b5769696b38504f6a71485267797341565a5343724137454562696c4b6d51436f447074774f664759557751596c734d3564443169357235516530765a494a754474666c552f5251424239432b437934504278596157637a756d61386876385a697755584a4e6865777633637471513470694f756d4344344f413359386d6e4973423468465933355a6e484e44533346654e5864734c68334857714231726978474856723276794d687363713872584f6c677a6244774b6968464767377953547a4a4a4f704a4a4a4a4f704a4a71374643335a526d6e5370436c46464661544959425345376b6e497073534e54386c652f7a504c2f74585a35636f4141757830556550656534437577525a5276636e566a336d755764557648525070736b434a683534677361697979517274336d534d626e765a626b6b2b6a7a7252734869343555456b547136485a6c49492b30666c5743303434666a356f48367943526f32353562576236616d367437523557712b476472706d664a67543752764646554c676e3652564e6c78615a54383745437948785a4e5758325a765a563377654c6a6c5153524f726f646d51686766614b31526d70614d736f4f4f78616f58695743796c556a617959695251385a46314f706b6c4b66494c4b6a3568714465396753535a716d4d32754a69484a4935585067784b496e3447576f3571344f796542766d7148394a596e4570474d7a73464637432f4d38676f33592b4131704c473473726c52426d6b652b56646859577a4f78354b4c69353851427152584d4867417036786a316b7042426b59616748645547794c746f4f37556b36317a7a7043667536567667384f31755453734967665a5a6e48745555475847664d776634386e2f3056353431787a44345651307a324a394652326e66364b6a55376a585963794b7157492f53547237336853522b306c434e396971772f4767616a4a365265634e49354862544952797a4267664545667a417061715a772f7744534a683249453062772b7438496738797661486e6c745676676d5631446f775a57414b7370424441374545626967476d74696c63727446416a784c49465573646743543541584e4e4f43786c63504547394c4970623662444d352b385458654e33397a543233367157336e6b61314f6f375746747243336c6167523670687758744930337a7a744950464e4569502b456b5a3879614f4d4f536f6855326159354152757157764b2f685a4c325079696f35302b52514141425941574137674e685142356d6e56637559327a4d4648646d4e37432f4b3972656468755258756b735668316b526f33463159574f70423843434e515162454561676745557754477642326353627150527846757952793636326b62643761496656766c41413658434d6a46344a4769596d3741414e473537336a4f6c2b396c7973626230365469324c58526f595a4f396b6b654d6b2b45624977483336465945416a554855456245654646506b7863554b486a6b334c436d2f725378686674467a2b464d73626a4d51364d303071775271705a31684c5a736f424c5a7032414e72664a56447076536d4c785352715863325557484d6b6b36425641315a696441427153644b5934733962496b4e6946475757554865774e346f7a59376c31756478614d672b6c556f334a30694d7169725a336765457952334b5a476b4f6372613253344156504d4b464237327a486e556a5251613643564b6a6d747475776f70702f6165482b66692f78452f7252547443706d4351526e566d39492f3749354b502f4e545331655650325636726d4855436969696b42356b6b43677364682f3537616c756730574d624644334d7a49784b744c72654a4967663171374d5341514f5a4f7841424953364c39485a73664a64657841684635434c692f716a347a57324777427565514f796348345644686f7846437556647964326474697a747a4f6e38747130597362665a526d794a4b68375566477747496d646a5a566968424a32466d6d646a396858374b6b4b684d614d786e546c4a4c6834694f394745665744376a505632663841677038662b783977714d6b4764785a35624778335350384156782b4667626e316d616d58537270456d446a44577a537663527833746d49335a753552635850694275525535574d644b4f4a4845597157532f5a556d4f50754349534c6a36527a4e395964315957645446446e4b6950786d4a6b6c6b61575669386a62736534624b6f2b4b6f766f502b394a30555641364b535370447a67334458784d386548585175316933795541753765785162654e687a72577a6745776551776a4c687a6c535242736a45325355656245422b2f4d474e724d546d6e51766a4d57457850577971785578736c31414a556c6b61396964523262616136315a754b644f5778502f7463486869356d7648656131694747746b55375a626b6b6b57414a736169334c6b714d666b4b557061364c7a525564775757514a31457a42706f5171794d4e4249434f784b42334d4166724b3435564931595a6a6a4b43434471446f664b6f6a4359786f6b454c78797538597971566a5a684b6f30527573746b556b41587a4d4c472f4b784d785254454d63426847424d7370426c59573031574e4e78476c2b56395332374875415542375258614143696969675a486e67304e376f47694a7554314c4e474354755752546c592b4a42726e396d7966365850627574682f7a367139534e636f7352475451515964577844356e4b416e4d3561522b374c4744364a62515a5641755342537643497252687951586c3938646c4e314a5943775538315651716738776f504f7644652b7a572f567745452b745061366a784341332b6b7938306f34554d706c692b4c4849637667726f736f486741585941636742576a783635476279552b4a34343978684d4e486d497a4f787447674e697a626d352b4b6f334a2f4d6b41304869574f6d78424a6e664d4f5559306958366e78764e726e7932716436666f6574773763736b34397561416a386a396c567570357075364934594c6a59792f736a44664d5266346166306f703752564265566569696971795155316e753930486f6a306a336e6b763966733736397a7562354650614f70507952332b66642f3270574f4d4b4142734b59476d39474f6d5044316953444b634b454141446d38666965744865626b6c38704a76567a6a634d41796b4548554547344938434e3677476e5844654a54346333676c61506d5170475139393061366b2b4e722b4e6159655258544d302f4876744d33616f54474e6c6c6339307545622f456271622f682b4656626850365232466c78554e2f326b4f6e32787366796232564e783853772b4d6556634e4b72504a68785961686b654a324b4630617858745441366a347453797a6a4b4852484443555a396c6e6e4a797352765932383761566765453942666f722b517265634669524a476b71374f717541647747414e6a3436316d4c64423857306b36777168534f52677433436e4b774470596652645235673169656a7265504e526273724e6370584534643433614f5253726f624d70746348666c707351622b4e4a5645334c734b30623946484430797a596b324c357571487171465632387378596663465a7a546a43593261496b7853795235685a736a736c7879766c4f74726e58784e4b537455565a594f5561527176536269582f7559494d4b424a6937367157796f7347686b4535414e675141563075445938374e4b344c47724a63574b757473386257447066764133476873777544794a71422f526c7774557778784a37556b374e6469626b4b72736f462b386b46696479534c37436e50537a466f386b57446973635849657a4970496243782b6b3870596167355153463259675842473859797038546e7455364a2b696d76754845723645367944756d515a764433794f77483344544c6850465a70342b7553414d6d6152564d63716e50316273685a6573564f79537074727456696b6d524a65696f76456362534e6b57614b574a7043565146424957594b574948556c396c425073703768635848494359335667445935534459397848492b4270674c3056487a69654e69366b796f6454456242312f644d4c5a766f7433364d4e4254764459684a46446f627132782f41334231424275434471434b5943744d2b4a596c6b554241444935795267375a694c356d3956514378384674755254736d6f48413856686432784259746536524b695049797833316179416b467941666f716d7876516b445a4c344c4372456978726367626b3773784a4c4d336578596b6b39354e4e6545484e316b773947563879654d616f7361456434624a6d486777726b69537a396c6c4d554a3949456a725a42386b3553524768353635694462733835414332673048634b31344d6254354d782b526c545846466136657758686a6b2b524b4c2f526457542b4d7831534a4a434e78326538613238783365563631446a65433636435349627370796b386e4861512b786770396c5a6c45317744613178657833486766476c6e58646a774f34304a2b36342f6e452b387639614b567452564a655663476b38524d4648696446463758503841537445364f2f6f6f7844326646794342666d3437504c354d2b71496439732f7372524f4664446548514c6c5443786b6e5174496f6c64764e6e7562654733685355523266504545566876636e566a336e2b6c4b5639455439457547763657427778383449762b6d6d65493641634b66513452562f64744a482f41776f34685a676446625069763056634f6230476e692b6a49482f414f4b725644347a39454a2f55347a3253785850336b59572b375334734c4d756477415364414e366d663066597378342b475239424a6d6974386c58485a76346c316a2f41437156346a2b697a69616e4d42464d71366859354c4d78354569554b4e4f517655486a75435937446b4d2b476d6a5a5347566a477a49724b63796b756c313049423335555651374e683461436a79516e624d5a597a337049784c692f65736862546b4753765045705468324f4c4373797168575a454632614e6273724b4f624953326e7958666367553434546a316e686a6e54305a455678345a6863672b494f6e737031555772364a475a347a6f6e785046504a69326a6a55796e4f454d677a5a6241494679677165794646797776345655502f4e647835317348454a7038484535676a36794d6a734a6344334f354e7332753849766d494771324e727165784463472f5276486c44346d63794667446149674962693938354633767663426436716234374e654c50532f597a6c51535141435364674e5361667838486d497563712b424a4a397468623836746646754178344f584a486371366877573163616b465365594668627a5064656d6a4d414c6b3241334a324652632f6f36336a345935494b626579466834686a384970534f5a3430592f454b736d5939325a626f5434577634314a666f39346c424469326b78456758504779695352744d3564436337747a4958636e6c3431476355346d6a715930424e3758593644513330473532714b715337585a6b7a34495731482f70702f5472706645734c51596156586b6b47566d6a594d496b4937586155364f51624457347666757538364a3861776b50446f57655a45434a6c59456a4d48424f5a516f314a4a314141756269736b74526c47397461584256526d2f4756565a63384c306f5366696b654a6d62713459784973576651494447777a4f6467574a315030527976542f70723073772f5a397873727a693376362b69694133793568704b472b54716f333374576530564b7579583430624e6b364c63625846774357325677536b6937685a4141545938775156596544432b744c416456694262524d526654756e5663317750576a56796647496379617276364c49694d504d783261636b65516969552f6944396c5433534c4572476b6368424f5761504b4236544d784b425638546d49397457474b6153625066456a31726a4444596a4e4d65364b3541547a63676a364b767362564933706e674954476a4e495158596d53556a624e6259657171674b5042527a724b754b644e4d626944645a444447665253507373464f3261543069336b51504374736178523732632b584c4e4c72534e6974584b2b664a4d564c4933777368436e566a49354a492b4b474a76356e3264396e654834766a492f51784d342f7658596664596b6668532f49583048347a2b7a654b7a6a704c676570784c67447353336c547a4a393958324f63336c49745147463664635354655a5a50337361482b444b66787058695054695445497363384d616c57566b6c566e41484a77793557734370493374736236557035497a5138654f554a446d696d2f75364835325037362f316f71696a536651564646465345636f6f727441425252584361414f305648345069426d61385333683139394a74316835645576786c396332423079356762682f5142577059757178456b657979336d6a3879514a31483179722f333368533149394c7a495867574c3452444a507937536f76566d496b375a2b747466316238713768635173694c496875724334766f66496a6b5273527949717553374c493646616a3177386b4a4c51414643627441545a626e306d685036746a766c505a4a2b53535771516f71445365786c577758436d78736b6b3830706a613975705733577849436572575175434270633641676c6951784656507035674777387177356930624c6e556d32596b456a4b31674162455875414c356870706336586938436b684445454f766f75704b757650526872625158553342356731584f4e39485a4a7034356353576e686a55726c69416a6d613758752b6f444476795a546f4c436f634b646d6e483555342f71332b76305a67445861305470776d4139776a3350484772724c47717169424a554c584a566b7348424b67364561365648634d2f527a694a4977386b7977735263526c433744757a6e4d4c487746376668533549766a6e6931624b5a584b58787546654b523458746d6a597131745263486348754f343836517152656d6d676f736441415353514142757a45325544784a494874723146477a4d4552533774364b71437a4879412f506c576a39444f6835684978474a735a6669494c455258307554737a32303030467a612b394e4971795a564266354a2f6f317776334e686f3444624d6f753547786b596c6e74345a69626541466573565a3534303552417a4e344d51305551506e6d6c503142546e48597459317a454669546c5246394a334f7972343648585941456d77424e5271385267777a7248694a6b57664545756233436c75796f554d525a514f7971337354626d62316f777875567652782f496e5372355a4c544a6d566c377752396f74587a776a4d5171445135567a6e354f6d77396238742b362f305657456355776e56547a7832746c6d6c2b77794d5650335374572b51756b796a786e74445656414668734b3752525751316e6c6c4665436c4b31796d413336727772744f4c4369674436696f6f6f7130674646464e73666a5569584d31795363714b6f753773646c52655a30506741435459416d67425445346849314c75775656334a32484c376236573533714e47486645367a4b55672b4c4133705365744f4f51376f7676584a79717068734337754a7352624d4e59346762704434332b504a36334c5a655a61546f413551547a727456587062785663736b573855534638555271536f584f49414275575778623153423866515247556c465778767733486e45797a346d316b4c434b48316f6f726e50345a6e65512b51572b74655a6d397a755a5031446d386e6443352f5765434e38627550614f6859687a7772446d4f4a45613261313349324d6a484e496661374d6662546f69716d2b79354c6f4b37555773456b48775136794c35713444786a75694a304b2b6f534c636a61793036776e4549704e4662744464434373692f5352724d7674464959366f6f726c4178746a7548517a5a65736a566970756a45647044336f3437534878424272796d466c5834504550626b736f575652375461512b31366430556d7232496f2f456567636b307a7a50696c7649785968594350594c793977464c34583948574647736b6b736e686459312f32426d2f3271732b4b6a6e4a39376c5252625a6f693576333345692f6c555878584872414c346a48435075434a474762364b4d485a765a546f733973717179543462777143414659496c6a4233796a5676704e7533744a7047546936466d6968744e4976704b684756442b31665a504c5672624b617a6a6a2f5337724155673677716267795474637350566757305938324250674b5964482b6c474a776779786c586a75535933377953574b754f30704a373877384b6e464b2f324b5a796c58577a57734a67694736325273387046723273714b6453736138686f4c6e6472432b674147532f70427832664854615879355955486546584d336b4d7a7665744234483032776d49495173595a446f456c734d78376b6630573232754434566c334849475847596b763658587a62386c4d6a4d6f4867515166614b305a58465153695a634b6b35747932534852727054697349416d62726f787647354e682b3662654d6477314668747a7074306b34684450696e6d694441534c47374b3473566b793957793978306a5533424937565231465a334e74557a516f4a4f3046464646514a42525253553068485a58306a7433416435384b4146614b626535572b656637452f36614b64416656644665555541414141414141416141416241436d474f78375a757067416559366d392b72685537504b522b43445676415859576b425469484542475652564d6b7233795267324a74757a48346943347578377742636b412b634477387133585373486d49746d745a55553635496c506f726f4c6e6469426336414433674d4173567a6376493975736b61325a794e7474416f75624b4e4266784e504b41436969764c754143784941414a4a4f674147704a4e4144446a6e45544367434147575135597764526d7463733371714c73664b32354656756668344f486b67424a7a7049705a74326151484d7a654a5a69543530756b706d63346c72396f5a596c49735568334677646d636a4d647669412b6a533958516a30632f794d764b564c534f59444543534b4f51624f69743935516635303471496a6c397a6c67312b6f596c673431366b7362737238776c7953473257354273414455716a6767454545485545473449377765645a4a52615a303863314f4e6f37534f4b77635567416b6a56774e73796872487776745331654a356c52533773465652646d4a73414275536556496d4d2f3749694771744b6e305a70674239584e6c2f4376504365477a54743169596d5a63505935574967597a4835535a6f695247506c4830755767425a66672b48474e426b634d7548444d6f6a594547596f6372475548554a6d424856383764726d74576f43707150325675583051763968536636564a3755682f6b6f72785030666c5a53426a4a56617873776a77354150496b474d33387269706a4359685a45575266525958462b366c716c5346624d463658786358777a39586938524b794d53456c6a62713470504433734c6c6133784434327a41587172426453655a33504d6e78504f76707648594f4b614e6f7055563063575a574677522f357a7246756e5051535442586e684c5359612b704f7277583245682b4d6e7238766a664b4d5845615a5471387577417554594376564e31375a446646486f6a35522b556644752b337571497753504e326e4830565049486d52336e384e752b6c7775704e795362626b6e5942514e646741414c6546646f6f414b4b4b4b51425252586957514b4c6e3241626b38674b414f545357385364414f382f79486a58496f386f4a4a7554717a663037674b49597a3654656b66735564772f727a2b796e2f4373415a534859653941364435776a6e3941666a356273434e39327839352b3633394b375631763430557857626e554c30583278582b747a2f6d744646574553626f6f6f6f414b682b6d482b593472397a4a2f43614b4b454a36474a726c464661546a73394a76566536432f42542f414f737a2f7741644646553574473777747373745148544c344f442f414676432f774446464646555232627066797930394650383248377a452f3841354d7453346f6f71777257694f364f663572422b37542b45564930555544436d764650674a6633636e38426f6f6f412b57572f7a622b362f354b6569696971695a326969696b415555555541464e3576546a2b742f4458614b614139597230472b693335477262672f67302b69763841434b3752514a6d58305555565952502f3251414141414141414141414141414141414141414141414141414141414141414141414141414141414141414141414141414141414141414141414141414141414141414141414141414141414141414141414141414141414141414141414141414141414141414141414141414141414141414141414141414141414141414141414141414141414141414141414141414141414141414141414141414141414141414141414141414141414141414141414141414141414141414141414141414141414141414141414141414141414141414141414141414141414141414141414141414141414141414141414141414141414141414141414141414141414141414141414141414141414141414141414141414141414141414141414141414141414141414141414141414141414141414141414141414141414141414141414141414141414141414141414141414141414141414141414141414141414141414141414141414141414141414141414141414141414141414141414141414141414141414141414141414141414141414141414141414141414141414141414141414141414141414141414141414141414141414141414141414141414141414141414141414141414141414141414141414141414141414141414141414141414141414141414141414141414141414141414141414141414141414141414141414141414141414141414141414141414141414141414141414141414141414141414141414141414141414141414141414141414141414141414141414141414141414141414141414141414141414141414141414141414141414141414141414141414141414141414141414141414141414141414141414141414141414141414141414141414141414141414141414141414141414141414141414141414141414141414141414141414141414141414141414141414141414141414141414141414141414141414141414141414141414141414141414141414141414141414141414141414141414141414141414141414141414141414141414141414141414141414141414141414141414141414141414141414141414141414141414141414141414141414141414141414141414141414141414141414141414141414141414141414141414141414141414141414141414141414141414141414141414141414141414141414141414141414141414141414141414141414141414141414141414141414141414141414141414141414141414141414141414141414141414141414141414141414141414141414141414141414141414141414141414141414141414141414141414141414141414141414141414141414141414141414141414141414141414141414141414141414141414141414141414141414141414141414141414141414141414141414141414141414141414141414141414141414141414141414141414141414141414141414141414141414141414141414141414141414141414141414141414141414141414141414141414141414141414141414141414141414141414141414141414141414141414141414141414141414141414141414141414141414141414141414141414141414141414141414141414141414141414141414141414141414141414141414141414141414141414141414141414141414141414141414141414141414141414141414141414141414141414141414141414141414141414141414141414141414141414141414141414141414141414141414141414141414141414141414141414141414141414141414141414141414141414141414141414141414141414141414141414141414141414141414141414141414141414141414141414141414141414141414141414141414141414141414141414141414141414141414141414141414141414141414141414141414141414141414141414141414141414141414141414141414141414141414141414141414141414141414141414141414141414141414141414141414141414141414141414141414141414141414141414141414141414141414141414141414141414141414141414141414141414141414141414141414141414141414141414141414141414141414141414141414141414141414141414141414141414141414141414141414141414141414141414141414141414141414141414141414141414141414141414141414141414141414141414141414141414141414141414141414141414141414141414141414141414141414141414141414141414141414141414141414141414141414141414141414141414141414141414141414141414141414141414141414141414141414141414141414141414141414141414141414141414141414141414141414141414141414141414141414141414141414141414141414141414141414141414141414141414141414141414141414141414141414141414141414141414141414141414141414141414141414141414141414141414141414141414141414141414141414141414141414141414141414141414141414141414141414141414141414141414141414141414141414141414141414141414141414141414141414141414141414141414141414141414141414141414141414141414141414141414141414141414141414141414141414141414141414141414141414141414141414141414141414141414141414141414141414141414141414141414141414141414141414141414141414141414141414141414141414141414141414141414141414141414141414141414141414141414141414141414141414141414141414141414141414141414141414141414141414141414141414141414141414141414141414141414141414141414141414141414141414141414141414141414141414141414141414141414141414141414141414141414141414141414141414141414141414141414141414141414141414141414141414141414141414141414141414141414141414141414141414141414141414141414141414141414141414141414141414141414141414141414141414141414141414141414141414141414141414141414141414141414141414141414141414141414141414141414141414141414141414141414141414141414141414141414141414141414141414141414141414141414141414141414141414141414141414141414141414141414141414141414141414141414141414141414141414141414141414141414141414141414141414141414141414141414141414141414141414141414141414141414141414141414141414141414141414141414141414141414141414141414141414141414141414141414141414141414141414141414141414141414141414141414141414141414141414141414141414141414141414141414141414141414141414141414141414141414141414141414141414141414141414141414141414141414141414141414141414141414141414141414141414141414141414141414141414141414141414141414141414141414141414141414141414141414141414141414141414141414141414141414141414141414141414141414141414141414141414141414141414141414141414141414141414141414141414141414141414141414141414141414141414141414141414141414141414141414141414141414141414141414141414141414141414141414141414141414141414141414141414141414141414141414141414141414141414141414141414141414141414141414141414141414141414141414141414141414141414141414141414141414141414141414141414141414141414141414141414141414141414141414141414141414141414141414141414141414141414141414141414141414141414141414141414141414141414141414141414141414141414141414141414141414141414141414141414141414141414141414141414141414141414141414141414141414141414141414141414141414141414141414141414141414141414141414141414141414141414141414141414141414141414141414141414141414141414141414141414141414141414141414141414141414141414141414141414141414141414141414141414141414141414141414141414141414141414141414141414141414141414141414141414141414141414141414141414141414141414141414141414141414141414141414141414141414141414141414141414141414141414141414141414141414141414141414141414141414141414141414141414141414141414141414141414141414141414141414141414141414141414141414141414141414141414141414141414141414141414141414141414141414141414141414141414141414141414141414141414141414141414141414141414141414141414141414141414141414141414141414141414141414141414141414141414141414141414141414141414141414141414141414141414141414141414141414141414141414141414141414141414141414141414141414141414141414141414141414141414141414141414141414141414141414141414141414141414141414141414141414141414141414141414141414141414141414141414141414141414141414141414141414141414141414141414141414141414141414141414141414141414141414141414141414141414141414141414141414141414141414141414141414141414141414141414141414141414141414141414141414141414141414141414141414141414141414141414141414141414141414141414141414141414141414141414141414141414141414141414141414141414141414141414141414141414141414141414141414141414141414141414141414141414141414141414141414141414141414141414141414141414141414141414141414141414141414141414141414141414141414141414141414141414141414141414141414141414141414141414141414141414141414141414141414141414141414141414141414141414141414141414141414141414141414141414141414141414141414141414141414141414141414141414141414141414141414141414141414141414141414141414141414141414141414141414141414141414141414141414141414141414141414141414141414141414141414141414141414141414141414141414141414141414141414141414141414141414141414141414141414141414141414141414141414141414141414141414141414141414141414141414141414141414141414141414141414141414141414141414141414141414141414141414141414141414141414141414141414141414141414141414141414141414141414141414141414141414141414141414141414141414141414141414141414141414141414141414141414141414141414141414141414141414141414141414141414141414141414141414141414141414141414141414141414141414141414141414141414141414141414141414141414141414141414141414141414141414141414141414141414141414141414141414141414141414141414141414141414141414141414141414141414141414141414141414141414141414141414141414141414141414141414141414141414141414141414141414141414141414141414141414141414141414141414141414141414141414141414141414141414141414141414141414141414141414141414141414141414141414141414141414141414141414141414141414141414141414141414141414141414141414141414141414141414141414141414141414141414141414141414141414141414141414141414141414141414141414141414141414141414141414141414141414141414141414141414141414141414141414141414141414141414141414141414141414141414141414141414141414141414141414141414141414141414141414141414141414141414141414141414141414141414141414141414141414141414141414141414141414141414141414141414141414141414141414141414141414141414141414141414141414141414141414141414141414141414141414141414141414141414141414141414141414141414141414141414141414141414141414141414141414141414141414141414141414141414141414141414141414141414141414141414141414141414141414141414141414141414141414141414141414141414141414141414141414141414141414141414141414141414141414141414141414141414141414141414141414141414141414141414141414141414141414141414141414141414141414141414141414141414141414141414141414141414141414141414141414141414141414141414141414141414141414141414141414141414141414141414141414141414141414141414141414141414141414141414141414141414141414141414141414141414141414141414141414141414141414141414141414141414141414141414141414141414141414141414141414141414141414141414141414141414141414141414141414141414141414141414141414141414141414141414141414141414141414141414141414141414141414141414141414141414141414141414141414141414141414141414141414141414141414141414141414141414141414141414141414141414141414141414141414141414141414141414141414141414141414141414141414141414141414141414141414141414141414141414141414141414141414141414141414141414141414141414141414141414141414141414141414141414141414141414141414141414141414141414141414141414141414141414141414141414141414141414141414141414141414141414141414141414141414141414141414141414141414141414141414141414141414141414141414141414141414141414141414141414141414141414141414141414141414141414141414141414141414141414141414141414141414141414141414141414141414141414141414141414141414141414141414141414141414141414141414141414141414141414141414141414141414141414141414141414141414141414141414141414141414141414141414141414141414141414141414141414141414141414141414141414141414141414141414141414141414141414141414141414141414141414141414141414141414141414141414141414141414141414141414141414141414141414141414141414141414141414141414141414141414141414141414141414141414141414141414141414141414141414141414141414141414141414141414141414141414141414141414141414141414141414141414141414141414141414141414141414141414141414141414141414141414141414141414141414141414141414141414141414141414141414141414141414141414141414141414141414141414141414141414141414141414141414141414141414141414141414141414141414141414141414141414141414141414141414141414141414141414141414141414141414141414141414141414141414141414141414141414141414141414141414141414141414141414141414141414141414141414141414141414141414141414141414141414141414141414141414141414141414141414141414141414141414141414141414141414141414141414141414141414141414141414141414141414141414141414141414141414141414141414141414141414141414141414141414141414141414141414141414141414141414141414141414141414141414141414141414141414141414141414141414141414141414141414141414141414141414141414141414141414141414141414141414141414141414141414141414141414141414141414141414141414141414141414141414141414141414141414141414141414141414141414141414141414141414141414141414141414141414141414141414141414141414141414141414141414141414141414141414141414141414141414141414141414141414141414141414141414141414141414141414141414141414141414141414141414141414141414141414141414141414141414141414141414141414141414141414141414141414141414141414141414141414141414141414141414141414141414141414141414141414141414141414141414141414141414141414141414141414141414141414141414141414141414141414141414141414141414141414141414141414141414141414141414141414141414141414141414141414141414141414141414141414141414141414141414141414141414141414141414141414141414141414141414141414141414141414141414141414141414141414141414141414141414141414141414141414141414141414141414141414141414141414141414141414141414141414141414141414141414141414141414141414141414141414141414141414141414141414141414141414141414141414141414141414141414141414141414141414141414141414141414141414141414141414141414141414141414141414141414141414141414141414141414141414141414141414141414141414141414141414141414141414141414141414141414141414141414141414141414141414141414141414141414141414141414141414141414141414141414141414141414141414141414141414141414141414141414141414141414141414141414141414141414141414141414141414141414141414141414141414141414141414141414141414141414141414141414141414141414141414141414141414141414141414141414141414141414141414141414141414141414141414141414141414141414141414141414141414141414141414141414141414141414141414141414141414141414141414141414141414141414141414141414141414141414141414141414141414141414141414141414141414141414141414141414141414141414141414141414141414141414141414141414141414141414141414141414141414141414141414141414141414141414141414141414141414141414141414141414141414141414141414141414141414141414141414141414141414141414141414141414141414141414141414141414141414141414141414141414141414141414141414141414141414141414141414141414141414141414141414141414141414141414141414141414141414141414141414141414141414141414141414141414141414141414141414141414141414141414141414141414141414141414141414141414141414141414141414141414141414141414141414141414141414141414141414141414141414141414141414141414141414141414141414141414141414141414141414141414141414141414141414141414141414141414141414141414141414141414141414141414141414141414141414141414141414141414141414141414141414141414141414141414141414141414141414141414141414141414141414141414141414141414141414141414141414141414141414141414141414141414141414141414141414141414141414141414141414141414141414141414141414141414141414141414141414141414141414141414141414141414141414141414141414141414141);
INSERT INTO `users` (`id`, `title`, `fName`, `sName`, `dob`, `gender`, `uName`, `pWord`, `email`, `address`, `profileImage`) VALUES
(6, 'Mr', 'Daniel', 'Simkiss', '2000-11-19', 'Male', 'XIXDANNYXIX', '$2y$10$KaH6aNow.oJTUFZ3lDLteOYpAHiJ2uvUh0iBTuXiSqdNvUQcQ4L46', 'DANNY@gmail.com', 'Walsall, UK', 0x2f396a2f34414151536b5a4a5267414241674141415141424141442f37514363554768766447397a6147397749444d754d414134516b6c4e424151414141414141494163416d6341464574304f466c4e51554a4252303135617a5a795a7a4e4f5a6a4e684841496f41474a47516b31454d4445774d444268597a45774d7a41774d44426a4e7a41314d4441774d4441784d446b774d4441775a4751774f5441774d44426a4d5442684d4441774d4749314d474d774d4441774e7a45784d4441774d44426c4f4445774d4441774d4749304d5445774d4441774f446b784d6a41774d444135595445344d4441774d502f694168784a51304e6655464a50526b6c4d5251414241514141416778735932317a416841414147317564484a535230496757466c6149416663414145414751414441436b414f57466a633342425546424d4141414141414141414141414141414141414141414141414141414141414141414144323167414241414141414e4d7462474e7463774141414141414141414141414141414141414141414141414141414141414141414141414141414141414141414141414141414141414141414141414141436d526c63324d414141443841414141586d4e77636e5141414146634141414143336430634851414141466f4141414146474a7263485141414146384141414146484a5957566f4141414751414141414647645957566f414141476b4141414146474a5957566f41414147344141414146484a55556b4d414141484d4141414151476455556b4d414141484d4141414151474a55556b4d414141484d414141415147526c63324d41414141414141414141324d794141414141414141414141414141414141414141414141414141414141414141414141414141414141414141414141414141414141414141414141414141414141414141414141414141414141414141414141414141414141414141414141414141414141414141414141414148526c6548514141414141526b49414146685a5769414141414141414144323167414241414141414e4d7457466c61494141414141414141414d57414141444d7741414171525957566f6741414141414141416236494141446a31414141446b46685a5769414141414141414142696d5141417434554141426a6157466c6149414141414141414143536741414150684141417473396a64584a32414141414141414141426f414141444c41636b44597757534347734c3968412f465645624e4348784b5a41794744755352675652643133746133423642596d786d6e797361623939303850704d502f2f2f397341517741474241554742515147426755474277634743416f5143676f4a43516f554467384d4542635547426758464259574768306c48786f62497877574669417349434d6d4a796b714b526b664c5441744b44416c4b436b6f2f397341517745484277634b43416f5443676f544b426f574769676f4b43676f4b43676f4b43676f4b43676f4b43676f4b43676f4b43676f4b43676f4b43676f4b43676f4b43676f4b43676f4b43676f4b43676f4b43676f4b43676f2f384941455167416f41436741774169414145524151495241662f4541427741414149434177454241414141414141414141414141415147417755414151494843502f4541426b4241414d4241514541414141414141414141414141414145434177514142662f4541426b4241414d4241514541414141414141414141414141414145434177514142662f6141417744414141424551495241414142616c4a70387948567252527674684154636d34396c51655a4d4f485633506b703541323531525354776a632b6772714352657a6d667668543162534336482b4c2b766553624d787a696f446b2b6c472b55586362502f6133544a543058586c317730755a784a5253794943326a6b6a56784a36374f7242313568304d576931666e33714b7471797277463945374b3072627167753152754c7936764e474e69446564504b504b4356595562476a55394d36717a6f714f384e3877504c4749795735437a69756464754b416c724d4b7163734d53677874614d7a515055416f3747474d634f6a76552b353776514e674c475739337a494957747a566f34645a374c7a73794d437a72562b33566b695641677055567044366e48664f5965497851716d7547355a36516d476b7335364c37716d486e54757262534449714456636b2b562b3570614c4843624b77706847574e3155784c756d3159374831587a7631544a6f51745864416d7a4b38717166706d57707346726645416d51516f6330454c454b584947476a506a37677179363077554b787a58394766542b674f4b38537336713257614b4755334a49466b5272493669785766684478355448366d7750786e595936546954443341526e66487a30647654396557677a424e2b4731315663387a4155717a6f374f4c55396f5065426952764e3335754c7350335333464f654559504e486971624f72546f323458474f75376b425963307631764e3131486c7831766a4f3661554f5468394730643646346d2b6d6c347554555354637377756d322b4d4b7565654a5735724461746970707a47762b74356b4f5a6c786d623133616b347456372f7841417045414143416749424241494441414546414141414141414241674144424245534252415449534978464341794977597a4e4546442f396f414341454141414546416a615a316e49304e386d787351414a686f5a2b41686c57425546544470574847704936683061757759654f5573487a4371496969414361454b51724c4b6478362b4556535a31596e38767079633736424b6c6d6f494f7a544d304d7176344970696d62674d4237616c3165784f7166382f704b2f4772314b37594c41595769764e772f52596d30525944487543426244595563434c6170374551324764554773366d7a3862454e6d5530584d79616a6a395335515a42343548554857563335755179315a4651696d495937616a2b35535246747255666b314f616a7364757655634c77762b4f792f69546b386a57344c594e4b32597558585a51375a4e744c6f3972567752444672357a4d486a6a3245446431393147325772304a6f436636687061796770756668386a56303673472f467153596e7772326c303843695a6568574a793141387733324d326b5771335437504a56676e644e616f46676e49544b49736f557967786d457a4c6879727a7470526e6b324c6c747179336335614849744f6570675762494f345275584f55644c59746b567578397166557273314c4c4e6a4b547952617a6f5649727338653037537a6d6f6d5863456e53485068717433443165367a4d73445877304d49724d7372746e457a786e56364e57774d736653325a4b4b47797244446c4f434c646b796e653366536545764b56384e47506e4d627866356f5072557a7667457463642b7070375a645267484834314b522f424e31786b514c4d622b724d50564e645144575245393745612f515377326d6d6c564c3149344c694e65424d712f6e587a414a413372636248426a592b6f36363759673930306a3862584232375876715638374a6a36574b30426842315a366c6c5965727773537455384d34616a56374639426d69446756377348383955703064787a4368737351616c54524344424c506753345946644a77454665345668723274696d5742684c5542485450373573745647537554586d3478786d2b34463967526655567452624a64396e516e456d425a7146444457346841615859767136766961472b564675317a38333275617a516b4c4661636f476e4b6553576a3172747275774d55376d706655484754576157624d7341746475532b707a426e6e305679594c646a79515a424a6236312b6c372b4e566a7275493234524d716a6b723045537a314e7a6e4e696370585a37443857642f62665859517a71482b7830764a46314735766a6b6639504d717235395254544874766664476e31472b6a4e7747457a7143383866705447724b6f6634572f3044444c6672716f2b4c6673444c44704c4d6b416379305337555639776a6b42684d4c6b51694d7358366158483131552f346a39667167354f33315a57724a68483438515a34774350586468325a7065666a314e352f352f72685650792f2f3851414978454141674942424149444151454141414141414141414141454345514d514569457845304567496c457951762f6141416742416845425077484b33746f7759302b5762592f68304f4b6c777a486a3238435772566d623051794b436f6a6e684c686b6d6f7132526e7536587764615a593345634a6635504250736c43305267313730525064364d4f4a78356b4d73677a4a4b6c7765535a504d6b694c33454a2f656838485232555851397a36472f325249785858426a78376553466d797958596f4e6b6f744644786f6d715a68583149386f756a654d6a71305a4d646f782f77413065565264436b7061626950787a776c486d4a56695452766d6a7a534936656a43334f46765271304e564a3674455336374c2f43364c7339456e396e38502f2f4541434d52414149424241494341674d4141414141414141414141414241674d52456945514d524e4242444967496c482f3267414941514552415438426f51546b563532306a794d7962497a63646f71547932506d4d6a346e324a776335584a66486b746b61626569564c487438574d5448696a4f307854587338304f6b526e697956525336584574464f55665a577171576c78596b696e48657a47417152617855682b6c794e4e7936465963533546335248466469742f42465270505a55715a364a3239474a6d6c6f3052614d685657516c6372753734696965786a4c6c78534b64517139334977665a61777a45663464464b616c324977485252346c7a48374661474d744449757a4b4476486d334434796237345251566f6379646b662f45414338514141454441674d484177514341774141414141414141454141684551495249674d514d694d444a42555745546359456a516c4b524d3747687765482f3267414941514141426a3843745a426d4b366764567661726c4330555175514b2b7a622b6b58624464663237726547397037494d626f46626757436548467677703763413442645277747450354a7834446e484c34793257336e75746e416c7a72715a56354b75494b6c665446317135596e62553562306c304165556653457831796570466e725a2b416f4771734b6233564f4870754e2b69674e6c54745759666e4c4333626e6f454a4a502b6b316b7a334f545a75476a585870796853646d45496243685958616a67596754374c654d657974585650626b4a364253445a4f6d5663306e4c5a515247552b325455714c7767364455436d45586373523730395059624d2b6e2b52546358525756363672432f576c316135576757394374535230526345435a6b366f447345573453423351414745566c706b3967743970616174663841464d4c744370775437722b494b50536172434b74326f355471464e517643744d4b597572697545696c7158797461377145357031615972645835657946626c5759346f7662496a70533630725a58545167765862374f723479364b79696d6c4a465a61677478754d39706955647773504b356a314976736a2f6a675779574b6c726c3956754539777062634b796e71745668412f346e42376e6d66746c534f582b754a75727a3256724b34414b6b4959655647544e4d58375736723031756f4e6a6d6d6b6a5770684f6176616c7133567a5a54307a4f6e53464537327a2f716e683151344c4638477436776446756e4d384251667546476d7051506a6745306c71764e5a484b6f7974517a41643646734b4f33424b446643506735687473457361762f4541435551415141434167494341674d424151454241414141414145414553457851564551595847426b614778494d485238502f6141416742414141425079466267513934354f59494d6971496352634e5a2f4248434345767235796f704b6c436f522f4e3878566476364a5a562f416873666c444770774a5a7841645245706e43755a796679495a4743634566704f34476379596d47474d4e486754534b6c4c6d666d556f626373754a51516e7468504a3459754b6842326d3070396d705374774138514e514c684c796655356e574f32596b6f4a6c444c77776471596b334e79776e434247776c3534673442714564757a30544e3465793566715168384a695765304167483342463979444f5a524c59756b733767573953347065597a6f4731614a574e2b474b7739763342435454432f444b746c614a6e736c666f7368546d5078456277534c7833427937354e2f3867645463316b532f47686e4f384a546a62396b66684b3852517442397a4251516871424f6c334b37356d6f5461452b706e796645595252557735674270344758576b6d4a45572f42427a75574e6b492b35684a6243344856416d534b2b7a6c44516644534962456f75746c2f6a4d7951616743576d314d72552f4343315134474a726d6c737467585574584874715545715368326d615a4d6e6974687637686f642f38525738666c5a6e597236356e41484e6d6d68334d6d4a6f4a5a65377a4b564c372f7741434b327371755649777a4f714850755872676d7752437043397764314c6d5547716a757176544d73472f5167746f2b69416e3133454130645158764d387a4532384f357650697943755378327a3559477051437369647978556d5846584b3071553569777a37706a487744727a38364c78335a7069724a736d7375397268746d463551507157416c366834396b6376564d415a6d4d484f674f6f5a43676b304c523567552b53387a5a72326d4e62417a47316231415a4279664d4852744f624966394d397335735242326479704f5a6665705444742b356661776f62495545465a59496770704370344638764d42385a6e394557586b4743737a6850695a413336496a6d2f745a62597367705834595330345931497a507a4b7a69617155672f2f41446869456c4269425677663342316c54444a6a454a4463326732506c696a41466f6c504556424d546d526a524b435a4e6b7873696f6d4a592f324a65527168306a314b4c717350387373457077313537685338334268633442676d3355706a654b4b5169327a3768644a3945784c423768694b3275454546445a44394c5979765a574c384e53736730796c517764573138756f626b624a556770755954485575507159536e7144675647554c79394d48485132706a6c322f55582b776d6d596f595a695a597939524f355a2b59682f45395570536a6963755932717a4f4365356d414378676a494b754962385653764171394734726354304b536a6e5a4c69467a45785864385155654e45366e76394d466b78396477417361395266444b62615476526b5a737165336332785a783461536e746c784473363976615653794f4a77667544417847344b3659644d7034656663656669585075646b61345a6f334d472b546f317a63322b4653412b427252645261676c5458715730366a736e45734c6a673254444f6154612b382f36374a5958424c73754962772b6f6d4245486e4c38644d634f644470676547596c77314f6b7a4a2b657239516635694b587456426248555141704b6c6835345a69544952744171416c4d3253694663577646516e71576435656239412f3466464d4f396e33502f396f4144414d41414145524168454141424164756c4244457071717569374c6b4238756f57716e386947556d556c5236776f33633152327263637037535962644c52574f4a595a7744637a39626d6b344a43396b3835645965415a5752717a79476348326b78543735752f78787a505472434532484c2f78414163455145424151454241514542415141414141414141414142414245684d5545515564482f3267414941514952415438513544374b5957584d574867694d6468304944684979354248794373612f77437a486732304c52715a446b4d4c746f342b795932672f53555a36756d6d54677971756f6c614663573159392f412b50344c544879364345364e706a495272376171516d4c55536169663451783564704e2b336268693743677a6875314951352f7952744c50544b4f393477684c53652b7746722b635446656d37443859546242506c746d322f477a2b3355654d49796d37422f646e63764e6e4c6f736858704a793052736c50663159452b516b65772b42634a636d7a483675462f2f4541423052415145424151414441514542414141414141414141414541455345514d5546526357482f3267414941514552415438512f6b3533547237766f5a6657584c744e6e68527875462f4a3172434e78306b38586f42736b363559446254305047562b4d563271634a4658704442682f736b5562594f345148315a324d4f7970794f41394d746e6b37396c366c706669434d6244316167672f5444504b683651474c6a34673352443973413062624d6d57434239675075347048657862724c343841526931595162793230737963666b75425a31437944584c4956615157487044546c683933754241636e786a47784a38516d30736e625044424e3745484d6c2f4a6f3359397344794c4c662f2f4541435951415141434167494341674943417745414141414141414541455345785156466863594752454c4768776448683850482f3267414941514141415438516f7748323853364b7967344963616771595137594d69764e3675436f416879636875554949746f4b566e794d4246534b38434831554c62367644424a424f7238742b5971567169474f396e4b3571356c677537486d424d4a79412f457a78706c41314f34316c6642714c5a563365554863426b505570674a7a7568772b594e6b6f664269683759314270424d6955424e59716971784561746c6870637973727473647244543977614c76332b4d4f51486c6d4347664445674f767157414c69444a55576c4f5155722b4a696172426633455332387a4a6e455071794144654a6a72395a67765038414d77366d6b376d594c68366e6f6f6d69357447585378364968644c347a7548746133695a4543424e4b67704c57453835596b745876686b784c4961523872797a4b784e6d49506959463359412f6943505936306b5267744e7a706e6a624d7a677a47675276684f56744f7570634d6a38414635635157687062623569344c4856546c6e7867494a6b50456739647851456961595a4964312f323476514a52477a732f55464d6f797a57434a4f7a5273486463524c4d4b7350394d7770627132516354673365594567434d6d3948454d476745332b4b656f5542536870384f6d4755466b6f6935677436694c694f6f4b586a67376634686744724b6c3965494d476139424c6f395254585a37714e30496763717879344448334670714369625246797558334b5a4c3232663345547734446c3879784e7062624d396977744a444768657750314d6b774d41474a7656777349384a6e457671486a564e7a317061334d5268525172327753464b77552b7a427141536c46544b5031597a4767436b75726f49424354714d315171464a68353737694850414e6848716f705766525434594352517062693548387a6747494a765637766371696a79574b73617659536755346d6e3561736a376c42306e694c533248513338517751663865576555514a525234616e61697266437478666551734479544377526b4b76314f38694c744c335546532b4c67714b3563436c51646b70707746424b6733466f61506244364b6f6f7245414d3734676f775a757162306f4a70473171637247627354686c4c4b727a454161533544432b63637362344f68713661542b344f4a47317348704749563878497442613350626d2b5443414c5670686a4665306c4d656f48726e49584c4c796e4d6d662b694c6944553768747462426e2b6767636e37427a4453527a517034676a6d6b356b5644537452516242375a665744526b3945415a6874754d564e6b4e77655935544a2f637052657036656f49694b6864596d654d6a4176384c694656545643487148305465596338664968616d77374d5055713268756d48644b654e4c4167504b366952717a56536765316f626c66476f3231694c617541326964704f37506f546268303570456f3838316d43355638684d5777644d7344634c775945736a42584d6a52566d2f4b6357584647794f4b30633266346a4a453441524d7267777841687256754c6c316d6e78704b54305150686878554b44426f4f344b737578626663564a53707574537746613866695869344d416e365257486832682f424c6a50744b5071574e4a724b766e706d515562534e6a3538515165635a4a3952426836544b524d35464f43355a426f77694435366c2f3448547a43614d5752425477612b6f3969414168782f7950785041716a6231514b392b313238454c416149774749414f5a534435434a64336c6d5576694a7157597138477268366a6d385330413152654a6e41656771344847376c53676d4b5971395241715761585a4656394c585a3667646176552b6d4e5977614437784d4d565758326a534a6b545a4556512b35547277644d4d2f6d57626c306d71415248597245416f465441536e47344c515766457778504b4267576e4e596c656a487149494f356f356777774d48346f763251524a64354557454464673338773844756e35494b784b57436b2b5a6143756874485a336c68564f3553376d487671554172464d38696767447754416267424935726956537a376c6c4d576c63677557344b546c4e656f5047346a6957794332366d444e487a4952797171344c58736d4a6c4a522f34536a533747705141494433326c6b5a646b5074356c7574465a4c312f714b4d4143343572536b444b6c71625976314e67586b4e7a4749484a716f4e6a326b6174366855455572647937504e796e4d6f51684b6a3530772b6c79755678645873376c7647566a79644d7471556c4a314c58704a576b77774a5a427943574b3369564b6c4b39767038546a516f3247613549683452705a4430797772737330775643653562577033584d5a6978612f6e6b6a67374e736548682f494e7868754734524735515275707861434f6c7065355476684c6d4b764d38526452334459423473656d4179495544416451346a686168544a454a54395a665a7a41745079564841486b3142734e6a5961523747564e7562676376736e38434b69584b755a79344864533364654663785962587567355a366434693247784958314b6f57753451446b684e336d4538436f597468462b2f32443873562b4952663449734946674c34473659474d466b666f3871674f566334524b322b5355745a6534493677706c4d2b4670717a66334453594e7841456a4150474a3845716c546c377653686a43764e6e353148384e5935507a434f57696b5972756b466549434e33334e73544a4e6a71556766724e3434594957692b557a2b4f48575930755868776d4276756737584d4d577251504132503954376c53726d304935496c6a6d68794732702f2f32513d3d);

--
-- Indexes for dumped tables
--

--
-- Indexes for table `chat`
--
ALTER TABLE `chat`
  ADD PRIMARY KEY (`chatid`),
  ADD KEY `chatUserid` (`chatUserid`),
  ADD KEY `chatUserid_2` (`chatUserid`),
  ADD KEY `chatGroupID` (`chatGroupid`),
  ADD KEY `chatGroupid_2` (`chatGroupid`);

--
-- Indexes for table `followedgroups`
--
ALTER TABLE `followedgroups`
  ADD PRIMARY KEY (`followedGroupid`),
  ADD KEY `userid` (`userid`,`groupid`),
  ADD KEY `groupid` (`groupid`);

--
-- Indexes for table `friendslist`
--
ALTER TABLE `friendslist`
  ADD PRIMARY KEY (`friendsListid`);

--
-- Indexes for table `groups`
--
ALTER TABLE `groups`
  ADD PRIMARY KEY (`groupid`);

--
-- Indexes for table `login_tokens`
--
ALTER TABLE `login_tokens`
  ADD PRIMARY KEY (`id`),
  ADD UNIQUE KEY `token` (`token`),
  ADD KEY `user_id` (`user_id`);

--
-- Indexes for table `users`
--
ALTER TABLE `users`
  ADD PRIMARY KEY (`id`);

--
-- AUTO_INCREMENT for dumped tables
--

--
-- AUTO_INCREMENT for table `chat`
--
ALTER TABLE `chat`
  MODIFY `chatid` int(11) NOT NULL AUTO_INCREMENT, AUTO_INCREMENT=176;
--
-- AUTO_INCREMENT for table `followedgroups`
--
ALTER TABLE `followedgroups`
  MODIFY `followedGroupid` int(11) NOT NULL AUTO_INCREMENT, AUTO_INCREMENT=38;
--
-- AUTO_INCREMENT for table `friendslist`
--
ALTER TABLE `friendslist`
  MODIFY `friendsListid` int(11) NOT NULL AUTO_INCREMENT;
--
-- AUTO_INCREMENT for table `groups`
--
ALTER TABLE `groups`
  MODIFY `groupid` int(11) NOT NULL AUTO_INCREMENT, AUTO_INCREMENT=10;
--
-- AUTO_INCREMENT for table `login_tokens`
--
ALTER TABLE `login_tokens`
  MODIFY `id` int(11) NOT NULL AUTO_INCREMENT, AUTO_INCREMENT=260;
--
-- AUTO_INCREMENT for table `users`
--
ALTER TABLE `users`
  MODIFY `id` int(11) NOT NULL AUTO_INCREMENT, AUTO_INCREMENT=7;
--
-- Constraints for dumped tables
--

--
-- Constraints for table `chat`
--
ALTER TABLE `chat`
  ADD CONSTRAINT `chat_ibfk_1` FOREIGN KEY (`chatUserid`) REFERENCES `users` (`id`),
  ADD CONSTRAINT `chat_ibfk_2` FOREIGN KEY (`chatGroupid`) REFERENCES `groups` (`groupid`);

--
-- Constraints for table `followedgroups`
--
ALTER TABLE `followedgroups`
  ADD CONSTRAINT `followedgroups_ibfk_1` FOREIGN KEY (`groupid`) REFERENCES `groups` (`groupid`),
  ADD CONSTRAINT `followedgroups_ibfk_2` FOREIGN KEY (`userid`) REFERENCES `users` (`id`);

--
-- Constraints for table `login_tokens`
--
ALTER TABLE `login_tokens`
  ADD CONSTRAINT `login_tokens_ibfk_1` FOREIGN KEY (`user_id`) REFERENCES `users` (`id`);

/*!40101 SET CHARACTER_SET_CLIENT=@OLD_CHARACTER_SET_CLIENT */;
/*!40101 SET CHARACTER_SET_RESULTS=@OLD_CHARACTER_SET_RESULTS */;
/*!40101 SET COLLATION_CONNECTION=@OLD_COLLATION_CONNECTION */;
